Row ID,Astronomical Season,Astro Brisbane Humidity (%),Astro Gladstone Humidity (%),Astro Brisbane Rainfall (mm),Astro Gladstone Rainfall (mm),Astro Brisbane Temperature (degC),Astro Gladstone Temperature (degC),Astro Brisbane Barometric Pressure (hPa),Astro Gladstone Barometric Pressure (hPa)
1,Autumn,66.40507865991485,71.68238199641196,0.09235955077275801,0.05986516857080245,20.315640455524573,21.539910108587716,1012.9685393258427,1010.403595505618
2,Spring,57.88613815466784,70.47807135601866,0.06675938752773021,0.11775614268383496,22.23945293594523,23.06828928413798,1009.612424663885,1007.9151599443671
3,Summer,66.33211263737208,71.7259624427473,0.34276995539945054,0.11347417842964051,24.65647888094047,25.82244130792752,1007.9643192488263,1004.9600938967136
4,Winter,60.510498214871006,70.49328295191836,0.02264234891618698,0.036654804253228195,16.905160144554763,17.58291816202347,1015.2633451957296,1013.7112989323844
