Row ID,Meterological Season,Meteoro Brisbane Humidity (%),Meteoro Gladstone Humidity (%),Meteoro Brisbane Rainfall (mm),Meteoro Gladstone Rainfall (mm),Meteoro Brisbane Temperature (degC),Meteoro Gladstone Temperature (degC),Meteoro Brisbane Barometric Pressure (hPa),Meteoro Gladstone Barometric Pressure (hPa)
1,Autumn,68.749909426855,74.36942928597547,0.11204710198512328,0.1403532610612287,22.257744566253994,23.551947467137076,1011.5878623188406,1008.5865036231884
2,Spring,58.21955131174444,71.63621794959127,0.06735347954372128,0.11181318677361413,21.23658423764365,22.027609885830582,1011.1932234432235,1009.6794871794872
3,Summer,64.58305551299343,70.46027777989705,0.33171296483595614,0.04273148121450234,24.27592594358656,25.36333333209709,1007.8712962962964,1005.0120370370371
4,Winter,59.545289825702056,67.89144024728002,0.008831521820115007,0.029393115985220757,16.183016305384427,16.900815215663634,1015.3220108695652,1013.8967391304348
